IPO Date,Symbol,Company Name,IPO Price,Current,Return
"Dec 31, 2024",ONEG,OneConstruction Group Limited,$4.00,$3.40,-13.75%
"Dec 27, 2024",PHH,"Park Ha Biological Technology Co., Ltd.",$4.00,$20.00,423.75%
"Dec 23, 2024",HIT,"Health In Tech, Inc.",$4.00,$0.60,-85.05%
"Dec 23, 2024",TDAC,Translational Development Acquisition Corp.,$10.00,$10.26,2.48%
"Dec 20, 2024",RANG,Range Capital Acquisition Corp.,$10.00,$10.45,4.50%
"Dec 20, 2024",YAAS,Youxin Technology Ltd,$4.50,$2.99,-33.56%
"Dec 19, 2024",LSE,"Leishen Energy Holding Co., Ltd.",$4.00,$4.89,25.00%
"Dec 18, 2024",NCEW,New Century Logistics (BVI) Limited,$4.00,$1.11,-72.50%
"Dec 18, 2024",YSXT,"YSX Tech. Co., Ltd",$4.00,$5.58,37.50%
"Dec 13, 2024",AVR,Anteris Technologies Global Corp.,$6.00,$5.30,-10.67%
"Dec 13, 2024",DRDB,Roman DBDR Acquisition Corp. II,$10.00,$10.37,3.70%
"Dec 13, 2024",MLAC,Mountain Lake Acquisition Corp.,$10.00,$10.26,2.60%
"Dec 13, 2024",NTCL,NetClass Technology Inc,$5.00,$2.27,-53.60%
"Dec 12, 2024",TTAN,"ServiceTitan, Inc.",$71.00,$102.78,43.56%
"Dec 10, 2024",JACS,Jackson Acquisition Company II,$10.00,$10.27,2.71%
"Dec 6, 2024",NAMI,Jinxin Technology Holding Company,$4.00,$1.29,-67.25%
"Dec 5, 2024",LNKS,Linkers Industries Limited,$4.00,$0.57,-85.70%
"Dec 5, 2024",SPHA,Shepherd Ave Capital Acquisition Corporation,$10.00,$10.13,1.30%
"Dec 5, 2024",ZSPC,"zSpace, Inc.",$5.00,$4.09,-18.60%
"Dec 4, 2024",TAVI,Tavia Acquisition Corp.,$10.00,$10.23,2.30%
"Dec 3, 2024",JUNS,"Jupiter Neurosciences, Inc.",$4.00,$1.48,-68.25%
"Nov 27, 2024",BRIA,Brillia Inc,$4.00,$2.32,-41.25%
"Nov 27, 2024",GRO,Brazil Potash Corp.,$15.00,$2.00,-86.53%
"Nov 27, 2024",PONY,Pony AI Inc.,$13.00,$12.53,-2.85%
"Nov 27, 2024",VENU,Venu Holding Corporation,$10.00,$10.78,9.75%
"Nov 26, 2024",CGTL,Creative Global Technology Holdings Limited,$4.00,$0.92,-77.02%
"Nov 26, 2024",FACT,FACT II Acquisition Corp,$10.00,$10.23,2.10%
"Nov 26, 2024",WYHG,Wing Yip Food Holdings Group Limited,$4.00,$1.59,-60.50%
"Nov 22, 2024",CASK,"Heritage Distilling Holding Company, Inc.",$4.00,$0.54,-86.38%
"Nov 22, 2024",MSW,Ming Shing Group Holdings Limited,$5.50,$4.80,-20.18%
"Nov 21, 2024",DYNX,Dynamix Corporation,$10.00,$10.14,1.40%
"Nov 21, 2024",NOEM,CO2 Energy Transition Corp.,$10.00,$10.05,0.45%
"Nov 15, 2024",HSPT,Horizon Space Acquisition II Corp.,$10.00,$10.24,2.40%
"Nov 13, 2024",IZTC,Invizyne Technologies Inc.,$8.00,$16.50,106.25%
"Nov 8, 2024",ASPC,A SPAC III Acquisition Corp.,$10.00,$10.50,1.62%
"Nov 8, 2024",WLAC,Willow Lane Acquisition Corp.,$10.00,$10.18,1.75%
"Nov 7, 2024",GSRT,GSR III Acquisition Corp.,$10.00,$10.95,8.85%
"Nov 1, 2024",BACQ,Bleichroeder Acquisition Corp. I,$10.00,$10.30,3.01%
"Nov 1, 2024",NTWO,Newbury Street II Acquisition Corp,$10.00,$10.27,2.60%
"Oct 29, 2024",GELS,Gelteq Limited,$4.00,$2.31,-26.25%
"Oct 29, 2024",PLRZ,Polyrizon Ltd.,$4.38,$0.80,-81.53%
"Oct 25, 2024",SEPN,"Septerna, Inc.",$18.00,$10.31,-43.61%
"Oct 25, 2024",WRD,WeRide Inc.,$15.50,$8.83,-42.19%
"Oct 24, 2024",BEAG,Bold Eagle Acquisition Corp.,$10.00,$10.42,4.25%
"Oct 24, 2024",CHAR,Charlton Aria Acquisition Corporation,$10.00,$10.30,3.00%
"Oct 24, 2024",INGM,Ingram Micro Holding Corporation,$22.00,$19.46,-11.18%
"Oct 24, 2024",OACC,Oaktree Acquisition Corp. III Life Sciences,$10.00,$10.55,5.40%
"Oct 23, 2024",FGL,Founder Group Limited,$4.00,$1.04,-74.25%
"Oct 23, 2024",LBGJ,Li Bang International Corporation Inc.,$4.00,$1.61,-62.00%
"Oct 23, 2024",ROLR,"High Roller Technologies, Inc.",$8.00,$2.73,-71.13%
"Oct 23, 2024",SAG,SAG Holdings Limited,$8.00,$1.01,-86.75%
"Oct 22, 2024",ALDF,Aldel Financial II Inc.,$10.00,$10.50,4.90%
"Oct 22, 2024",HUHU,HUHUTECH International Group Inc.,$4.00,$4.92,29.38%
"Oct 17, 2024",ORIS,Oriental Rise Holdings Limited,$4.00,$0.88,-77.97%
"Oct 17, 2024",SPHL,Springview Holdings Ltd,$4.00,$0.56,-87.65%
"Oct 16, 2024",PTLE,PTL Limited,$4.00,$0.26,-94.00%
"Oct 15, 2024",SFHG,Samfine Creation Holdings Group Limited,$4.00,$0.78,-80.50%
"Oct 11, 2024",CAMP,Camp4 Therapeutics Corporation,$11.00,$1.67,-84.00%
"Oct 11, 2024",CBLL,"CeriBell, Inc.",$17.00,$17.71,4.24%
"Oct 11, 2024",CCIR,Cohen Circle Acquisition Corp. I,$10.00,$11.01,8.50%
"Oct 11, 2024",RDAC,Rising Dragon Acquisition Corp.,$10.00,$10.28,2.80%
"Oct 11, 2024",STFS,Star Fashion Culture Holdings Limited,-,$1.18,-
"Oct 11, 2024",UPB,"Upstream Bio, Inc.",$17.00,$11.65,-30.56%
"Oct 9, 2024",CLIK,Click Holdings Limited,$4.00,$0.44,-87.82%
"Oct 9, 2024",KLC,"KinderCare Learning Companies, Inc.",$24.00,$10.68,-54.46%
"Oct 8, 2024",LPBB,Launch Two Acquisition Corp.,$10.00,$10.48,5.00%
"Oct 8, 2024",SKK,SKK Holdings Limited,$4.00,$0.65,-83.74%
"Oct 4, 2024",CBNA,"Chain Bridge Bancorp, Inc.",$22.00,$25.73,17.19%
"Oct 4, 2024",FLX,BingEx Limited,$16.50,$3.36,-78.52%
"Oct 2, 2024",FVR,"FrontView REIT, Inc.",$19.00,$11.56,-39.53%
"Oct 2, 2024",SARO,"StandardAero, Inc.",$24.00,$30.68,28.54%
"Oct 2, 2024",WCT,Wellchange Holdings Company Limited,$4.00,$0.25,-93.85%
"Oct 1, 2024",HTLM,HomesToLife Ltd.,$4.00,$3.70,-8.00%
"Sep 30, 2024",ZJK,"ZJK Industrial Co., Ltd.",$5.00,$4.53,-9.00%
"Sep 26, 2024",BIOA,"BioAge Labs, Inc.",$18.00,$4.45,-75.47%
"Sep 26, 2024",BKV,BKV Corporation,$18.00,$22.71,25.69%
"Sep 26, 2024",GRDN,"Guardian Pharmacy Services, Inc.",$14.00,$20.06,47.64%
"Sep 26, 2024",IBG,Innovation Beverage Group Limited,$4.00,$0.63,-84.38%
"Sep 26, 2024",LGCY,Legacy Education Inc.,$4.00,$8.95,129.25%
"Sep 25, 2024",PC,Premium Catering (Holdings) Limited,$4.75,$0.72,-85.20%
"Sep 20, 2024",CAPN,Cayson Acquisition Corp,$10.00,$10.28,2.80%
"Sep 20, 2024",GLE,Global Engine Group Holding Limited,$4.00,$1.58,-56.25%
"Sep 18, 2024",YHNA,YHN Acquisition I Limited,$10.00,$10.35,3.52%
"Sep 16, 2024",IBO,Impact BioMedical Inc.,$3.00,$0.46,-84.01%
"Sep 16, 2024",KAPA,"Kairos Pharma, Ltd.",$4.00,$0.50,-86.40%
"Sep 13, 2024",BCAX,Bicara Therapeutics Inc.,$18.00,$11.97,-31.24%
"Sep 13, 2024",MBX,"MBX Biosciences, Inc.",$16.00,$11.03,-29.72%
"Sep 13, 2024",ZBIO,"Zenas BioPharma, Inc.",$17.00,$12.15,-27.85%
"Sep 12, 2024",FVN,Future Vision II Acquisition Corp.,$10.00,$10.35,3.50%
"Sep 12, 2024",GLXG,Galaxy Payroll Group Limited,$4.00,$0.54,-86.64%
"Sep 10, 2024",TDTH,Trident Digital Tech Holdings Ltd,$5.00,$0.33,-93.54%
"Sep 10, 2024",XCH,XCHG Limited,$6.20,$1.30,-79.03%
"Sep 6, 2024",POLE,Andretti Acquisition Corp. II,$10.00,$10.36,3.60%
"Sep 6, 2024",VCIC,Vine Hill Capital Investment Corp.,$10.00,$10.36,3.64%
"Sep 5, 2024",PMAX,Powell Max Limited,$4.00,$0.39,-90.25%
"Sep 5, 2024",PTHL,Pheton Holdings Ltd,$4.00,$15.77,286.25%
"Aug 29, 2024",GIG,GigCapital7 Corp.,$10.00,$10.39,2.97%
"Aug 28, 2024",AZI,Autozi Internet Technology (Global) Ltd.,$4.00,$0.44,-89.67%
"Aug 28, 2024",BSII,Black Spade Acquisition II Co,$10.00,$9.99,-0.10%
"Aug 28, 2024",SPAI,Safe Pro Group Inc.,$5.00,$3.02,-40.40%
"Aug 27, 2024",JBDI,JBDI Holdings Limited,$5.00,$1.02,-79.20%
"Aug 23, 2024",RITR,Reitar Logtech Holdings Limited,$4.00,$4.90,21.25%
"Aug 23, 2024",WOK,WORK Medical Technology Group LTD,$4.00,$0.83,-78.88%
"Aug 16, 2024",HOND,HCM II Acquisition Corp.,$10.00,$11.73,12.85%
"Aug 16, 2024",SBXD,SilverBox Corp IV,$10.00,$10.75,7.39%
"Aug 16, 2024",YXT,YXT.COM Group Holding Limited,$11.00,$0.87,-92.09%
"Aug 13, 2024",ACTU,"Actuate Therapeutics, Inc.",$8.00,$8.30,7.50%
"Aug 13, 2024",CEP,"Cantor Equity Partners, Inc.",$10.00,$37.31,292.10%
"Aug 9, 2024",VACH,Voyager Acquisition Corp.,$10.00,$10.37,3.70%
"Aug 7, 2024",EQV,EQV Ventures Acquisition Corp.,$10.00,$10.57,6.00%
"Aug 1, 2024",AAM,AA Mission Acquisition Corp.,$10.00,$10.40,4.01%
"Aug 1, 2024",MBAV,M3-Brigade Acquisition V Corp.,$10.00,$12.20,21.50%
"Aug 1, 2024",OSTX,OS Therapies Incorporated,$4.00,$1.86,-51.00%
"Jul 26, 2024",NIPG,NIP Group Inc.,$9.00,$1.51,-82.22%
"Jul 25, 2024",CON,"Concentra Group Holdings Parent, Inc.",$23.50,$21.86,-6.51%
"Jul 25, 2024",DTSQ,DT Cloud Star Acquisition Corporation,$10.00,$10.49,4.15%
"Jul 25, 2024",LINE,"Lineage, Inc.",$78.00,$45.30,-41.65%
"Jul 25, 2024",ORKT,Orangekloud Technology Inc.,$4.75,$0.55,-88.51%
"Jul 24, 2024",BLMZ,BloomZ Inc.,$4.30,$0.17,-96.12%
"Jul 24, 2024",OS,"OneStream, Inc.",$20.00,$28.43,42.50%
"Jul 23, 2024",ZDAI,Primega Group Holdings Limited,-,$0.83,-
"Jul 19, 2024",ARTV,"Artiva Biotherapeutics, Inc.",$12.00,$1.99,-82.67%
"Jul 19, 2024",QMMM,QMMM Holdings Limited,$4.00,$1.01,-75.21%
"Jul 18, 2024",ARDT,"Ardent Health, Inc.",$16.00,$13.37,-15.28%
"Jul 18, 2024",TWFG,"TWFG, Inc.",$17.00,$35.00,107.35%
"Jul 12, 2024",ICON,Icon Energy Corp.,$4.00,$1.85,-52.25%
"Jul 12, 2024",LPAA,Launch One Acquisition Corp.,$10.00,$10.42,4.50%
"Jul 10, 2024",SIMA,SIM Acquisition Corp. I,$10.00,$10.46,4.50%
"Jul 2, 2024",EHGO,Eshallgo Inc.,$4.00,$0.93,-78.50%
"Jul 2, 2024",EURK,Eureka Acquisition Corp,$10.00,$10.38,3.80%
"Jun 28, 2024",ALMS,Alumis Inc.,$16.00,$3.31,-79.16%
"Jun 28, 2024",LB,LandBridge Company LLC,$17.00,$70.76,319.12%
"Jun 28, 2024",LSH,Lakeside Holding Limited,$4.50,$0.97,-79.17%
"Jun 27, 2024",TBN,Tamboran Resources Corporation,$24.00,$22.10,-7.71%
"Jun 27, 2024",WBTN,WEBTOON Entertainment Inc.,$21.00,$8.82,-57.83%
"Jun 26, 2024",GRAF,Graf Global Corp.,$10.00,$10.47,4.50%
"Jun 21, 2024",RECT,Rectitude Holdings Ltd,$4.00,$4.72,16.25%
"Jun 18, 2024",CUB,Lionheart Holdings,$10.00,$10.51,5.03%
"Jun 18, 2024",FSHP,Flag Ship Acquisition Corporation,$10.00,$10.42,4.20%
"Jun 18, 2024",MACI,Melar Acquisition Corp. I,$10.00,$10.41,4.00%
"Jun 14, 2024",TEM,"Tempus AI, Inc.",$37.00,$71.00,94.95%
"Jun 12, 2024",PCSC,Perceptive Capital Solutions Corp,$10.00,$10.55,5.50%
"Jun 11, 2024",ALF,Centurion Acquisition Corp.,$10.00,$10.57,6.00%
"Jun 7, 2024",CHEB,Chenghe Acquisition II Co.,$10.00,$9.50,-5.30%
"Jun 7, 2024",RAPP,"Rapport Therapeutics, Inc.",$17.00,$12.30,-21.73%
"Jun 7, 2024",WAY,Waystar Holding Corp.,$21.50,$40.55,89.49%
"Jun 6, 2024",FLYE,"Fly-E Group, Inc.",$4.00,$0.67,-83.13%
"Jun 6, 2024",GAUZ,Gauzy Ltd.,$17.00,$9.47,-48.00%
"May 31, 2024",NAKA,"Kindly MD, Inc.",-,$18.72,-
"May 23, 2024",BOW,Bowhead Specialty Holdings Inc.,$17.00,$35.05,105.59%
"May 17, 2024",HDL,Super Hi International Holding Ltd.,$19.56,$21.00,7.36%
"May 17, 2024",RFAI,RF Acquisition Corp II,$10.00,$10.52,5.20%
"May 15, 2024",JDZG,JIADE Limited,$4.00,$0.30,-92.75%
"May 15, 2024",RAY,Raytech Holding Limited,$4.00,$1.29,-69.25%
"May 14, 2024",BTOC,Armlogi Holding Corp.,$5.00,$1.57,-66.00%
"May 10, 2024",ZK,ZEEKR Intelligent Technology Holding Limited,$21.00,$26.52,26.71%
"May 9, 2024",GPAT,GP-Act III Acquisition Corp.,$10.00,$10.59,6.00%
"May 9, 2024",PAL,"Proficient Auto Logistics, Inc.",$15.00,$7.32,-50.60%
"May 9, 2024",SVCO,"Silvaco Group, Inc.",$19.00,$4.89,-74.07%
"May 8, 2024",NNE,NANO Nuclear Energy Inc.,$4.00,$33.86,757.00%
"May 2, 2024",CCIX,Churchill Capital Corp IX,$10.00,$10.59,5.90%
"May 1, 2024",VIK,Viking Holdings Ltd,$24.00,$47.31,102.75%
"Apr 26, 2024",ZONE,"CleanCore Solutions, Inc.",$4.00,$3.68,-5.25%
"Apr 25, 2024",LOAR,Loar Holdings Inc.,$28.00,$83.68,198.54%
"Apr 25, 2024",MRX,Marex Group plc,$19.00,$39.55,110.63%
"Apr 25, 2024",RBRK,"Rubrik, Inc.",$32.00,$88.61,177.00%
"Apr 23, 2024",NCI,Neo-Concept International Group Holdings Limited,$4.00,$0.40,-88.80%
"Apr 22, 2024",MFI,mF International Limited,$5.00,$3.87,-45.60%
"Apr 22, 2024",YYGH,YY Group Holding Limited,$4.00,$1.75,-64.00%
"Apr 19, 2024",TRSG,Tungray Technologies Inc.,$4.00,$1.79,-55.63%
"Apr 18, 2024",CDTG,CDT Environmental Technology Investment Holdings Limited,$4.00,$0.79,-82.00%
"Apr 18, 2024",CTRI,"Centuri Holdings, Inc.",$21.00,$23.17,9.91%
"Apr 18, 2024",IBTA,"Ibotta, Inc.",$88.00,$45.50,-47.49%
"Apr 18, 2024",MTEN,Mingteng International Corporation Inc.,$4.00,$12.00,200.00%
"Apr 17, 2024",SUPX,SuperX AI Technology Limited,-,$9.99,-
"Apr 16, 2024",TWG,Top Wealth Group Holding Limited,$4.00,$0.15,-96.96%
"Apr 12, 2024",ULS,UL Solutions Inc.,$28.00,$70.14,151.07%
"Apr 11, 2024",PACS,"PACS Group, Inc.",$21.00,$10.62,-48.98%
"Apr 10, 2024",MNDR,Mobile-health Network Solutions,$4.00,$1.27,-66.70%
"Apr 5, 2024",CTNM,"Contineum Therapeutics, Inc.",$16.00,$4.58,-71.75%
"Apr 2, 2024",MAMO,Massimo Group,$4.50,$2.19,-51.33%
"Apr 2, 2024",ZBAO,Zhibao Technology Inc.,$4.00,$1.00,-73.25%
"Mar 28, 2024",BOLD,"Boundless Bio, Inc.",$16.00,$1.05,-93.31%
"Mar 28, 2024",MMA,Mixed Martial Arts Group Limited,$5.00,$1.11,-77.20%
"Mar 28, 2024",UBXG,U-BX Technology Ltd.,$5.00,$3.37,-32.00%
"Mar 26, 2024",IBAC,IB Acquisition Corp.,$10.00,$10.43,4.30%
"Mar 22, 2024",AUNA,Auna S.A.,$12.00,$6.23,-47.33%
"Mar 21, 2024",BKHA,Black Hawk Acquisition Corporation,$10.00,$10.63,6.40%
"Mar 21, 2024",LOBO,Lobo EV Technologies Ltd.,$4.00,$0.66,-85.12%
"Mar 21, 2024",RDDT,"Reddit, Inc.",$34.00,$117.61,250.88%
"Mar 20, 2024",ALAB,"Astera Labs, Inc.",$36.00,$94.41,162.42%
"Mar 20, 2024",INTJ,Intelligent Group Limited,$4.00,$0.74,-81.75%
"Mar 6, 2024",RYDE,Ryde Group Ltd,$4.00,$0.21,-94.83%
"Mar 5, 2024",LGCL,Lucas GC Limited,$4.00,$0.60,-85.00%
"Feb 27, 2024",SMXT,"SolarMax Technology, Inc.",$4.00,$1.11,-72.00%
"Feb 22, 2024",VHAI,Vocodia Holdings Corp,$4.25,$0.02,-99.57%
"Feb 21, 2024",DYCQ,DT Cloud Acquisition Corporation,$10.00,$10.83,8.30%
"Feb 16, 2024",CHRO,Channel Therapeutics Corporation,$6.00,$1.32,-77.83%
"Feb 14, 2024",UMAC,"Unusual Machines, Inc.",$4.00,$7.90,123.75%
"Feb 9, 2024",HLXB,Helix Acquisition Corp. II,$10.00,$10.83,8.00%
"Feb 9, 2024",MGX,"Metagenomi, Inc.",$15.00,$1.49,-89.53%
"Feb 9, 2024",TBBB,BBB Foods Inc.,$17.50,$26.47,48.66%
"Feb 9, 2024",TELO,"Telomir Pharmaceuticals, Inc.",$7.00,$1.96,-71.43%
"Feb 8, 2024",KYTX,"Kyverna Therapeutics, Inc.",$22.00,$3.34,-84.46%
"Feb 8, 2024",PMNT,Perfect Moment Ltd.,$6.00,$0.53,-90.37%
"Feb 7, 2024",AHR,"American Healthcare REIT, Inc.",$12.00,$35.76,199.17%
"Feb 6, 2024",LEGT,Legato Merger Corp. III,$10.00,$10.63,6.33%
"Feb 2, 2024",ANRO,"Alto Neuroscience, Inc.",$16.00,$2.51,-83.50%
"Feb 2, 2024",GUTS,"Fractyl Health, Inc.",$15.00,$2.24,-85.60%
"Feb 1, 2024",AS,"Amer Sports, Inc.",$13.00,$37.59,194.04%
"Jan 31, 2024",FBLG,"FibroBiologics, Inc.",$30.00,$0.89,-96.94%
"Jan 26, 2024",AVBP,"ArriVent BioPharma, Inc.",$18.00,$23.50,34.83%
"Jan 26, 2024",BTSG,"BrightSpring Health Services, Inc.",$13.00,$21.64,70.23%
"Jan 26, 2024",HAO,Haoxi Health Technology Limited,$4.00,$1.36,-65.50%
"Jan 25, 2024",CGON,"CG Oncology, Inc.",$19.00,$26.72,42.95%
"Jan 25, 2024",YIBO,Planet Image International Limited,$4.00,$1.40,-65.50%
"Jan 24, 2024",JL,J-Long Group Limited,$5.00,$5.55,10.00%
"Jan 24, 2024",SUGP,SU Group Holdings Limited,$4.00,$0.69,-81.13%
"Jan 19, 2024",JVSA,JVSPAC Acquisition Corp.,$10.00,$10.85,8.60%
"Jan 19, 2024",KSPI,Joint Stock Company Kaspi.kz,$92.00,$86.63,-6.60%
"Jan 18, 2024",CCTG,CCSC Technology International Holdings Limited,$6.00,$1.08,-81.67%
"Jan 18, 2024",PSBD,Palmer Square Capital BDC Inc.,$16.45,$13.85,-15.32%
"Jan 12, 2024",SYNX,Silynxcom Ltd.,$4.00,$1.72,-56.00%
"Jan 11, 2024",SDHC,Smith Douglas Homes Corp.,$21.00,$19.62,-5.48%
"Jan 9, 2024",ROMA,Roma Green Finance Limited,$4.00,$3.00,-30.75%
"Jun 11, 2025",ASIC,Ategrity Specialty Holdings LLC,$17.00,$24.45,-
"Jun 11, 2025",VOYG,"Voyager Technologies, Inc.",$31.00,$55.35,-
"Jun 10, 2025",BLUW,Blue Water Acquisition Corp. III,$10.00,$10.00,0.10%
"Jun 9, 2025",JEM,707 Cayman Holdings Limited,$4.00,$5.98,34.50%
"Jun 6, 2025",OMDA,"Omada Health, Inc.",$19.00,$15.75,-18.11%
"Jun 5, 2025",CRCL,"Circle Internet Group, Inc.",$31.00,$115.22,275.81%
"May 30, 2025",PTNM,Pitanium Limited,$4.00,$5.76,45.50%
"May 29, 2025",JENA,Jena Acquisition Corporation II,$10.00,$10.24,2.40%
"May 29, 2025",WTG,Wintergreen Acquisition Corp.,$10.00,$10.04,0.40%
"May 28, 2025",CHPG,ChampionsGate Acquisition Corporation,$10.00,$10.07,0.75%
"May 28, 2025",KCHV,Kochav Defense Acquisition Corp.,$10.00,$10.08,0.70%
"May 23, 2025",CRAC,Cal Redwood Acquisition Corp.,$10.00,$10.06,0.10%
"May 23, 2025",FTRK,Fast Track Group,$4.00,$4.20,4.53%
"May 23, 2025",PELI,Pelican Acquisition Corporation,$10.00,$10.10,0.60%
"May 22, 2025",HNGE,"Hinge Health, Inc.",$32.00,$35.24,11.28%
"May 22, 2025",MNTN,"MNTN, Inc.",$16.00,$19.94,24.63%
"May 22, 2025",OYSE,Oyster Enterprises II Acquisition Corp,$10.00,$10.08,0.70%
"May 21, 2025",AACI,Armada Acquisition Corp. II,$10.00,$10.09,0.90%
"May 21, 2025",OFAL,OFA Group,$4.50,$2.15,-52.44%
"May 21, 2025",PCAP,ProCap Acquisition Corp,$10.00,$11.30,13.07%
"May 16, 2025",CCCM,Columbus Circle Capital Corp I,$10.00,$10.67,5.00%
"May 16, 2025",WENN,Wen Acquisition Corp,$10.00,$10.66,6.50%
"May 15, 2025",RTAC,Renatus Tactical Acquisition Corp I,$10.00,$12.39,24.30%
"May 15, 2025",TVAI,Thayer Ventures Acquisition Corporation II,$10.00,$10.13,1.20%
"May 14, 2025",ANTA,Antalpha Platform Holding Company,$12.80,$12.00,-6.02%
"May 14, 2025",CCCX,Churchill Capital Corp X,$10.00,$10.29,3.80%
"May 14, 2025",ETOR,eToro Group Ltd.,$52.00,$63.83,22.73%
"May 13, 2025",OMSE,OMS Energy Technologies Inc.,$9.00,$7.09,-22.00%
"May 13, 2025",PMTR,Perimeter Acquisition Corp. I,$10.00,$10.33,3.10%
"May 9, 2025",APUS,"Apimeds Pharmaceuticals US, Inc.",$4.00,$1.84,-54.00%
"May 9, 2025",EGHA,EGH Acquisition Corp.,$10.00,$10.15,1.30%
"May 8, 2025",AHL,Aspen Insurance Holdings Limited,$30.00,$32.12,7.37%
"May 8, 2025",AII,"American Integrity Insurance Group, Inc.",$16.00,$16.22,6.13%
"May 7, 2025",IPOD,Dune Acquisition Corporation II,$10.00,$10.15,1.40%
"May 2, 2025",CEPT,"Cantor Equity Partners II, Inc.",$10.00,$11.39,14.25%
"May 2, 2025",CGCT,Cartesian Growth Corporation III,$10.00,$10.08,0.70%
"May 2, 2025",GTEN,"Gores Holdings X, Inc.",$10.00,$10.26,2.60%
"May 2, 2025",SDM,Smart Digital Group Limited,$4.00,$7.39,84.63%
"May 1, 2025",COPL,Copley Acquisition Corp,$10.00,$10.10,1.00%
"May 1, 2025",RDAG,Republic Digital Acquisition Company,$10.00,$10.57,5.95%
"Apr 30, 2025",LCCC,Lakeshore Acquisition III Corp.,$10.00,$10.10,0.94%
"Apr 30, 2025",TACO,Berto Acquisition Corp.,$10.00,$10.59,5.70%
"Apr 30, 2025",YB,Yuanbao Inc.,$15.00,$15.68,5.80%
"Apr 29, 2025",DAAQ,Digital Asset Acquisition Corp.,$10.00,$11.00,10.00%
"Apr 29, 2025",RAAQ,Real Asset Acquisition Corp.,$10.00,$10.37,3.00%
"Apr 25, 2025",CHAC,Crane Harbor Acquisition Corp.,$10.00,$10.19,1.50%
"Apr 25, 2025",IPCX,Inflection Point Acquisition Corp. III,$10.00,$10.45,4.50%
"Apr 25, 2025",PHOE,Phoenix Asia Holdings Limited,$4.00,$3.73,-6.00%
"Apr 24, 2025",NPAC,New Providence Acquisition Corp. III,$10.00,$10.37,3.51%
"Apr 23, 2025",TVA,Texas Ventures Acquisition III Corp,$10.00,$10.15,1.50%
"Apr 22, 2025",CIGL,Concorde International Group Ltd.,$4.00,$7.40,83.25%
"Apr 22, 2025",PFAI,Pinnacle Food Group Limited,$4.00,$2.67,-33.75%
"Apr 21, 2025",TMDE,TMD Energy Limited,$3.25,$0.77,-77.85%
"Apr 17, 2025",CHA,Chagee Holdings Limited,$28.00,$30.55,8.71%
"Apr 17, 2025",EDHL,Everbright Digital Holding Limited,$4.00,$4.91,21.50%
"Apr 15, 2025",HXHX,Haoxin Holdings Limited,$4.00,$1.54,-63.25%
"Apr 10, 2025",ATHR,"Aether Holdings, Inc.",$4.30,$14.53,250.93%
"Apr 10, 2025",CUPR,Cuprina Holdings (Cayman) Limited,$4.00,$5.80,43.25%
"Apr 10, 2025",IOTR,iOThree Limited,$4.00,$0.38,-90.70%
"Apr 10, 2025",MB,MasterBeef Group,$4.00,$6.39,70.75%
"Apr 9, 2025",TACH,Titan Acquisition Corp,$10.00,$10.15,1.50%
"Apr 8, 2025",FATN,"FatPipe, Inc.",$5.75,$8.94,49.57%
"Apr 8, 2025",RYET,Ruanyun Edai Technology Inc.,$4.00,$8.00,110.75%
"Apr 4, 2025",BLIV,BeLive Holdings,$4.00,$3.62,-5.50%
"Apr 3, 2025",LHSW,Lianhe Sowell International Group Ltd,$4.00,$2.10,-45.50%
"Apr 2, 2025",SMA,"SmartStop Self Storage REIT, Inc.",$30.00,$36.48,23.60%
"Apr 2, 2025",SORA,Top Win International Limited,-,$6.58,-
"Apr 2, 2025",SZZL,Sizzle Acquisition Corp. II,$10.00,$9.99,-0.20%
"Apr 1, 2025",ENGS,Energys Group Limited,$4.50,$3.32,-27.56%
"Apr 1, 2025",SDHI,Siddhi Acquisition Corp.,$10.00,$10.29,2.90%
"Apr 1, 2025",WTF,Waton Financial Limited,$4.00,$5.85,46.25%
"Apr 1, 2025",WXM,WF International Limited,$4.00,$2.38,-41.21%
"Mar 31, 2025",NMAX,Newsmax Inc.,$10.00,$13.16,33.80%
"Mar 31, 2025",UYSC,UY Scuti Acquisition Corp.,$10.00,$10.25,2.40%
"Mar 28, 2025",CRWV,"CoreWeave, Inc.",$40.00,$148.06,272.88%
"Mar 28, 2025",NCT,Intercont (Cayman) Limited,$7.00,$3.49,-49.29%
"Mar 27, 2025",WFF,WF Holding Limited,$4.00,$6.65,47.50%
"Mar 26, 2025",EPSM,Epsium Enterprise Limited,$4.00,$18.37,353.50%
"Mar 25, 2025",LGPS,LogProstyle Inc.,$5.00,$0.99,-80.60%
"Mar 21, 2025",BIYA,Baiya International Group Inc.,$4.00,$1.53,-50.75%
"Mar 21, 2025",GSHR,Gesher Acquisition Corp. II,$10.00,$10.19,1.90%
"Mar 21, 2025",RCT,RedCloud Holdings plc,$4.50,$1.69,-64.89%
"Mar 18, 2025",QSEA,Quartzsea Acquisition Corporation,$10.00,$10.29,2.60%
"Mar 13, 2025",MWYN,"Marwynn Holdings, Inc.",$4.00,$1.63,-60.00%
"Mar 7, 2025",MCRP,Micropolis Holding Company,$4.00,$3.10,-19.75%
"Mar 7, 2025",SAGT,Sagtec Global Limited,$4.00,$2.53,-46.50%
"Mar 6, 2025",ADVB,Advanced Biomed Inc.,$4.00,$0.98,-76.64%
"Mar 6, 2025",JFB,JFB Construction Holdings,$4.13,$4.79,26.63%
"Mar 6, 2025",KMTS,"Kestra Medical Technologies, Ltd.",$17.00,$19.85,20.79%
"Mar 6, 2025",TBH,"Brag House Holdings, Inc.",$4.00,$0.75,-81.27%
"Mar 4, 2025",PN,Skycorp Solar Group Ltd,$4.00,$2.67,-31.00%
"Feb 28, 2025",FERA,Fifth Era Acquisition Corp I,$10.00,$10.38,3.80%
"Feb 28, 2025",LOKV,Live Oak Acquisition Corp. V,$10.00,$11.23,12.30%
"Feb 28, 2025",NHIC,NewHold Investment Corp III,$10.00,$10.27,2.60%
"Feb 27, 2025",LUD,Luda Technology Group Limited,$4.00,$4.56,11.00%
"Feb 27, 2025",LZMH,LZ Technology Holdings Limited,$4.00,$18.28,350.00%
"Feb 27, 2025",RAC,Rithm Acquisition Corp.,$10.00,$10.30,3.00%
"Feb 27, 2025",WETO,Webus International Limited,$4.00,$2.89,-30.00%
"Feb 26, 2025",STAK,STAK Inc.,$4.00,$1.85,-57.75%
"Feb 25, 2025",BMGL,Basel Medical Group Ltd,$4.00,$4.16,2.25%
"Feb 21, 2025",WGRX,"Wellgistics Health, Inc.",$4.50,$1.48,-68.44%
"Feb 19, 2025",NNNN,Anbio Biotechnology,$5.00,$8.55,77.00%
"Feb 14, 2025",NPB,"Northpointe Bancshares, Inc.",$14.50,$13.25,-8.35%
"Feb 13, 2025",AACB,Artius II Acquisition Inc.,$10.00,$10.34,3.40%
"Feb 13, 2025",AARD,"Aardvark Therapeutics, Inc.",$16.00,$11.07,-25.78%
"Feb 13, 2025",KRMN,Karman Holdings Inc.,$22.00,$45.83,108.73%
"Feb 13, 2025",MAYA,Maywood Acquisition Corp.,$10.00,$10.09,0.70%
"Feb 13, 2025",SAIL,"SailPoint, Inc.",$23.00,$22.59,-0.39%
"Feb 13, 2025",XHLD,"TEN Holdings, Inc.",$6.00,$0.58,-90.44%
"Feb 12, 2025",AGH,Aureus Greenway Holdings Inc.,$4.00,$0.65,-84.18%
"Feb 11, 2025",ATII,Archimedes Tech SPAC Partners II Co.,$10.00,$10.35,3.30%
"Feb 7, 2025",SION,"Sionna Therapeutics, Inc.",$18.00,$17.45,1.44%
"Feb 7, 2025",TTAM,Titan America SA,$16.00,$13.73,-13.84%
"Feb 6, 2025",EPWK,EPWK Holdings Ltd.,$4.10,$0.56,-85.24%
"Feb 6, 2025",FBGL,FBS Global Limited,$4.50,$0.65,-85.53%
"Feb 5, 2025",CJMB,Callan JMB Inc.,$4.00,$4.97,21.50%
"Feb 5, 2025",HCAI,"Huachen AI Parking Management Technology Holding Co., Ltd",$4.00,$1.19,-71.50%
"Feb 5, 2025",KFII,K&F Growth Acquisition Corp. II,$10.00,$10.13,1.30%
"Feb 5, 2025",PLUT,Plutus Financial Group Limited,$4.00,$2.54,-39.00%
"Jan 31, 2025",INR,"Infinity Natural Resources, Inc.",$20.00,$18.08,-12.08%
"Jan 31, 2025",MAZE,"Maze Therapeutics, Inc.",$16.00,$12.82,-19.47%
"Jan 31, 2025",MTSR,"Metsera, Inc.",$18.00,$33.12,84.53%
"Jan 30, 2025",BBNX,"Beta Bionics, Inc.",$17.00,$19.17,14.29%
"Jan 30, 2025",SVCC,Stellar V Capital Corp.,$10.00,$10.20,1.80%
"Jan 29, 2025",FGMC,FG Merger II Corp.,$10.00,$9.81,-1.90%
"Jan 28, 2025",DMAA,Drugs Made In America Acquisition Corp.,$10.00,$10.17,1.70%
"Jan 28, 2025",SFD,"Smithfield Foods, Inc.",$20.00,$23.78,16.85%
"Jan 24, 2025",AAPG,Ascentage Pharma Group International,$17.25,$30.00,73.92%
"Jan 24, 2025",VG,"Venture Global, Inc.",$25.00,$16.56,-33.48%
"Jan 23, 2025",COLA,Columbus Acquisition Corp,$10.00,$10.10,0.95%
"Jan 23, 2025",SKBL,Skyline Builders Group Holding Limited,$4.00,$10.86,170.50%
"Jan 22, 2025",DGNX,Diginex Limited,$4.10,$53.86,"1,184.39%"
"Jan 22, 2025",DXST,Decent Holding Inc.,$4.00,$1.30,-67.25%
"Jan 22, 2025",MCTR,Ctrl Group Limited,$4.00,$4.57,16.25%
"Jan 22, 2025",TOPP,Toppoint Holdings Inc.,$4.00,$1.80,-53.00%
"Jan 17, 2025",HVII,Hennessy Capital Investment Corp. VII,$10.00,$10.11,0.80%
"Jan 16, 2025",FLOC,Flowco Holdings Inc.,$24.00,$18.00,-26.92%
"Jan 16, 2025",PCLA,PicoCELA Inc.,$4.00,$1.07,-74.25%
"Jan 15, 2025",HKPD,Hong Kong Pharma Digital Technology Holdings Limited,$4.00,$2.01,-47.50%
"Jan 15, 2025",PLMK,Plum Acquisition Corp. IV,$10.00,$10.26,2.60%
"Jan 15, 2025",RIBB,Ribbon Acquisition Corp.,$10.00,$10.51,5.10%
"Jan 14, 2025",UFG,Uni-Fuels Holdings Limited,$4.00,$2.30,-40.50%
"Jan 10, 2025",MIMI,Mint Incorporation Limited,$4.00,$6.40,59.75%
"Jan 8, 2025",MASK,3 E Network Technology Group Limited,$4.00,$3.45,-19.25%
"Jan 7, 2025",CEPO,"Cantor Equity Partners I, Inc.",$10.00,$12.37,22.00%
"Jan 7, 2025",ZYBT,Zhengye Biotechnology Holding Limited,$4.00,$7.20,56.25%
"Jan 2, 2025",INLF,INLIF Limited,$4.00,$0.95,-75.49%
